[
	{
        "Id": "3f032442-7d7f-4cbd-a59c-80d0841fc20f",
        "MessageBody": "MSG #0: POC SQS batch message.",
		"MessageGroupId": "RUN_01"
    },
	{
        "Id": "8d417910-60ee-4202-996f-79dbbde2ab6f",
        "MessageBody": "MSG #1: reject this message.",
		"MessageGroupId": "RUN_01"
    },
	{
        "Id": "d79f9566-f378-481e-9e89-275616b21e8b",
        "MessageBody": "MSG #2: Cum sociis natoque.",
		"MessageGroupId": "RUN_01"
    },
	{
        "Id": "6101f0c6-b4ec-41f1-b172-8c073015bafb",
        "MessageBody": "MSG #3: message should fail.",
		"MessageGroupId": "RUN_01"
    },
	{
        "Id": "30263240-f93c-40d3-9c60-162c01385c9d",
        "MessageBody": "MSG #4: unretryable message.",
		"MessageGroupId": "RUN_01"
    },
	{
        "Id": "bcd3e050-9d30-4f71-a41e-98a18eacec25",
        "MessageBody": "MSG #5: Aliquam sit amet diam.",
		"MessageGroupId": "RUN_01"
    },
	{
        "Id": "2e921049-68fa-4478-a685-05b632f0ec51",
        "MessageBody": "MSG #6: nonretryable message.",
		"MessageGroupId": "RUN_01"
    },
	{
        "Id": "d69106db-65a5-4029-98ad-cb0ca0a95113",
        "MessageBody": "MSG #7: Ut at dolor quis odio.",
		"MessageGroupId": "RUN_01"
    },
	{
        "Id": "7170d2e0-8e76-464e-a579-2c4de27af02c",
        "MessageBody": "MSG #8: message to be rejected.",
		"MessageGroupId": "RUN_01"
    },
	{
        "Id": "b2749991-1bf1-43c7-8dde-c690db50e3a9",
        "MessageBody": "MSG #9: Quisque erat eros.",
		"MessageGroupId": "RUN_01"
    }
]
