{
  "AWSTemplateFormatVersion": "2010-09-09",
  "Description": "The AWS CloudFormation template for this Serverless application",
  "Resources": {
    "ServerlessDeploymentBucket": {
      "Type": "AWS::S3::Bucket",
      "Properties": {
        "BucketEncryption": {
          "ServerSideEncryptionConfiguration": [
            {
              "ServerSideEncryptionByDefault": {
                "SSEAlgorithm": "AES256"
              }
            }
          ]
        }
      }
    },
    "ServerlessDeploymentBucketPolicy": {
      "Type": "AWS::S3::BucketPolicy",
      "Properties": {
        "Bucket": {
          "Ref": "ServerlessDeploymentBucket"
        },
        "PolicyDocument": {
          "Statement": [
            {
              "Action": "s3:*",
              "Effect": "Deny",
              "Principal": "*",
              "Resource": [
                {
                  "Fn::Join": [
                    "",
                    [
                      "arn:",
                      {
                        "Ref": "AWS::Partition"
                      },
                      ":s3:::",
                      {
                        "Ref": "ServerlessDeploymentBucket"
                      },
                      "/*"
                    ]
                  ]
                },
                {
                  "Fn::Join": [
                    "",
                    [
                      "arn:",
                      {
                        "Ref": "AWS::Partition"
                      },
                      ":s3:::",
                      {
                        "Ref": "ServerlessDeploymentBucket"
                      }
                    ]
                  ]
                }
              ],
              "Condition": {
                "Bool": {
                  "aws:SecureTransport": false
                }
              }
            }
          ]
        }
      }
    },
    "SqsBatchHandlerLogGroup": {
      "Type": "AWS::Logs::LogGroup",
      "Properties": {
        "LogGroupName": "/aws/lambda/skypil-aws-lambda-tools-java-sqs-batch-dev-sqsBatchHandler"
      }
    },
    "IamRoleLambdaExecution": {
      "Type": "AWS::IAM::Role",
      "Properties": {
        "AssumeRolePolicyDocument": {
          "Version": "2012-10-17",
          "Statement": [
            {
              "Effect": "Allow",
              "Principal": {
                "Service": [
                  "lambda.amazonaws.com"
                ]
              },
              "Action": [
                "sts:AssumeRole"
              ]
            }
          ]
        },
        "Policies": [
          {
            "PolicyName": {
              "Fn::Join": [
                "-",
                [
                  "skypil-aws-lambda-tools-java-sqs-batch",
                  "dev",
                  "lambda"
                ]
              ]
            },
            "PolicyDocument": {
              "Version": "2012-10-17",
              "Statement": [
                {
                  "Effect": "Allow",
                  "Action": [
                    "logs:CreateLogStream",
                    "logs:CreateLogGroup"
                  ],
                  "Resource": [
                    {
                      "Fn::Sub": "arn:${AWS::Partition}:logs:${AWS::Region}:${AWS::AccountId}:log-group:/aws/lambda/skypil-aws-lambda-tools-java-sqs-batch-dev*:*"
                    }
                  ]
                },
                {
                  "Effect": "Allow",
                  "Action": [
                    "logs:PutLogEvents"
                  ],
                  "Resource": [
                    {
                      "Fn::Sub": "arn:${AWS::Partition}:logs:${AWS::Region}:${AWS::AccountId}:log-group:/aws/lambda/skypil-aws-lambda-tools-java-sqs-batch-dev*:*:*"
                    }
                  ]
                },
                {
                  "Effect": "Allow",
                  "Action": [
                    "sqs:DeleteMessageBatch",
                    "sqs:GetQueueAttributes"
                  ],
                  "Resource": "arn:aws:sqs:eu-west-1:554607932210:aws-lambda-powertools-java-sqs-batch-queue.fifo"
                },
                {
                  "Effect": "Allow",
                  "Action": [
                    "sqs:SendMessageBatch",
                    "sqs:SendMessage"
                  ],
                  "Resource": "arn:aws:sqs:eu-west-1:554607932210:aws-lambda-powertools-java-sqs-batch-dlq.fifo"
                },
                {
                  "Effect": "Allow",
                  "Action": [
                    "sqs:ReceiveMessage",
                    "sqs:DeleteMessage",
                    "sqs:GetQueueAttributes"
                  ],
                  "Resource": [
                    "arn:aws:sqs:eu-west-1:554607932210:aws-lambda-powertools-java-sqs-batch-queue.fifo"
                  ]
                }
              ]
            }
          }
        ],
        "Path": "/",
        "RoleName": {
          "Fn::Join": [
            "-",
            [
              "skypil-aws-lambda-tools-java-sqs-batch",
              "dev",
              {
                "Ref": "AWS::Region"
              },
              "lambdaRole"
            ]
          ]
        }
      }
    },
    "SqsBatchHandlerLambdaFunction": {
      "Type": "AWS::Lambda::Function",
      "Properties": {
        "Code": {
          "S3Bucket": {
            "Ref": "ServerlessDeploymentBucket"
          },
          "S3Key": "serverless/skypil-aws-lambda-tools-java-sqs-batch/dev/1656680757498-2022-07-01T13:05:57.498Z/target/aws-lambda-powertools-java-sqs-batch-1.0.0-SNAPSHOT.jar"
        },
        "Handler": "com.sky.skypil.poc.SQSBatchLambdaHandler",
        "Runtime": "java11",
        "FunctionName": "skypil-aws-lambda-tools-java-sqs-batch-dev-sqsBatchHandler",
        "MemorySize": 1024,
        "Timeout": 30,
        "Role": {
          "Fn::GetAtt": [
            "IamRoleLambdaExecution",
            "Arn"
          ]
        }
      },
      "DependsOn": [
        "SqsBatchHandlerLogGroup"
      ]
    },
    "SqsBatchHandlerLambdaVersionb29QO9QBZxcBHm0AeOTbQi93U15qR7lnUuN7eIgAA": {
      "Type": "AWS::Lambda::Version",
      "DeletionPolicy": "Retain",
      "Properties": {
        "FunctionName": {
          "Ref": "SqsBatchHandlerLambdaFunction"
        },
        "CodeSha256": "FKy56kmtebBuzpBnZ7fgnOHH7yntLZsqs5BpzVVSeb0="
      }
    },
    "SqsBatchHandlerEventSourceMappingSQSAwslambdapowertoolsjavasqsbatchqueuefifo": {
      "Type": "AWS::Lambda::EventSourceMapping",
      "DependsOn": [
        "IamRoleLambdaExecution"
      ],
      "Properties": {
        "BatchSize": 10,
        "EventSourceArn": "arn:aws:sqs:eu-west-1:554607932210:aws-lambda-powertools-java-sqs-batch-queue.fifo",
        "FunctionName": {
          "Fn::GetAtt": [
            "SqsBatchHandlerLambdaFunction",
            "Arn"
          ]
        },
        "Enabled": true
      }
    }
  },
  "Outputs": {
    "ServerlessDeploymentBucketName": {
      "Value": {
        "Ref": "ServerlessDeploymentBucket"
      },
      "Export": {
        "Name": "sls-skypil-aws-lambda-tools-java-sqs-batch-dev-ServerlessDeploymentBucketName"
      }
    },
    "SqsBatchHandlerLambdaFunctionQualifiedArn": {
      "Description": "Current Lambda function version",
      "Value": {
        "Ref": "SqsBatchHandlerLambdaVersionb29QO9QBZxcBHm0AeOTbQi93U15qR7lnUuN7eIgAA"
      },
      "Export": {
        "Name": "sls-skypil-aws-lambda-tools-java-sqs-batch-dev-SqsBatchHandlerLambdaFunctionQualifiedArn"
      }
    }
  }
}